url,is_article? (y/n),publication_date (yyyy-mm-dd hh:mm:ss)
https://www.spiegel.de/politik/ausland/iran-us-regierung-rechnet-mit-weiteren-angriffen-auf-botschaft-in-bagdad-a-1303425.html,,
https://www.spiegel.de/spiegel/print/d-19120607.html,,
https://www.spiegel.de/kultur/karl-lagerfeld-im-spiegel-ich-mach-das-alles-nur-fuer-mich-a-00000000-0002-0001-0000-000135214491,,
https://www.spiegel.de/panorama/schweiz-mehrere-personen-in-skigebiet-crans-montana-von-lawine-verschuettet-a-1254075.html,,
https://www.spiegel.de/panorama/wie-frauen-in-laos-alte-us-bomben-entschaerfen-a-7489b7bd-9e22-4f89-a370-8236111301bd,,
https://www.spiegel.de/spiegelspecial/a-320401.html,,
https://www.spiegel.de/spiegel/print/d-19120229.html,,
https://www.spiegel.de/spiegel/print/d-19120312.html,,
https://www.spiegel.de/spiegel/print/d-19120318.html,,
https://www.spiegel.de/spiegel/print/d-19120326.html,,
https://www.zeit.de/2006/11/So_wird_der_Irak_nicht_demokratisch,,
https://www.zeit.de/2006/45/Grafiktext-1,,
https://www.zeit.de/2006/45/M-Tuberkulose,,
https://www.zeit.de/2013/04/Treppen-Seattle,,
https://www.zeit.de/1952/04/1939-bis-1943,,
https://www.zeit.de/2001/35/200135_magazinbrief_0827.xml,,
https://www.zeit.de/2001/37/200136_pressebrief_0910.xml,,
https://www.zeit.de/2001/38/Die_Lage_ist_fragil,,
https://www.welt.de/schlagzeilen/nachrichten-vom-16-12-2002.html,,
https://www.welt.de/schlagzeilen/nachrichten-vom-2-2-2001.html,,
https://www.welt.de/schlagzeilen/nachrichten-vom-22-4-2005.html,,
https://www.welt.de/schlagzeilen/nachrichten-vom-9-7-2002.html,,
https://www.sueddeutsche.de/autoren/alexandra-foederl-schmid-1.3734527,,
https://www.sueddeutsche.de/gesundheit/mikroplastik-mensch-1.4181146,,
https://www.sueddeutsche.de/politik/hitler-stauffenberg-1.4523968,,
https://www.sueddeutsche.de/politik/obama-und-der-nahe-osten-einsaetze-mit-beschraenkter-haftung-1.1757350,,
https://www.sueddeutsche.de/wirtschaft/eu-vertragsveraenderung-vorerst-gescheitert-camerons-blockadehaltung-spaltet-grossbritannien-1.1230283,,
https://www.sueddeutsche.de/kultur/musik-grosse-nick-cave-ausstellung-in-kopenhagen-dpa.urn-newsml-dpa-com-20090101-191121-99-821683,,
https://www.sueddeutsche.de/politik/extremismus-vater-von-stephan-b-er-war-mit-sich-selbst-nicht-im-reinen-dpa.urn-newsml-dpa-com-20090101-191010-99-237316,,
https://www.sueddeutsche.de/sport/wm-2006-beckenbauer-soll-fuer-wm-2006-5-5-millionen-euro-honorar-kassiert-haben-1.3160996,,
https://www.sueddeutsche.de/wirtschaft/energie-windindustrie-enercon-streicht-3000-stellen-dpa.urn-newsml-dpa-com-20090101-191108-99-649617,,
https://www.stuttgarter-zeitung.de/inhalt.umgestaltung-neue-mitte-schmiden-kommt-eine-laengere-verschnaufpause.3caa270e-eb6f-4068-9c1c-f52525b302a5.html,,
https://www.stuttgarter-zeitung.de/inhalt.print.8beab0b8-a50d-4ea6-be5c-997edfb8a71c.presentation.print.v2.html,,
https://www.stuttgarter-zeitung.de/inhalt.print.8e63df2b-5f62-4fae-997f-5945081f4a5e.presentation.print.v2.html,,
https://www.stuttgarter-zeitung.de/inhalt.print.a4583b5d-65fc-4f9a-bcc4-f9a2aba55428.presentation.print.v2.html,,
https://www.stuttgarter-zeitung.de/inhalt.print.af23cdc0-fde3-451a-937c-6c69627527de.presentation.print.v2.html,,
https://www.stuttgarter-zeitung.de/gallery.konzerttipps-2018-10-26-param~6~5~0~5~false.f6d86231-8620-4c70-b30b-8341f2ee0748.html,,
https://www.stuttgarter-zeitung.de/inhalt.konzerttipps-2018-10-26.f6d86231-8620-4c70-b30b-8341f2ee0748.html,,
https://www.stuttgarter-zeitung.de/thema/Asperg,,
https://www.stern.de/vergleich/,,
https://www.stern.de/vergleich/bluetooth-lautsprecher/,,
https://www.stern.de/vergleich/depot/,,
https://www.stern.de/vergleich/gasgrill/,,
https://www.stern.de/digital/computer/scheibes-kolumne-kennen-sie-sterne--3017376.html,,
https://www.stern.de/familie/leipzig-streit-um-echtheit--alter-schinken--3375816.html,,
https://www.stern.de/politik/ausland/staatsbesuch-spott-und-haeme-fuer-das--genie-der-revolution--3376542.html,,
https://www.stern.de/wirtschaft/news/tarife-keine-ueberzogenen-lohnforderungen-3816112.html,,
"https://www.nwzonline.de/mannkinners/oldenburg-mann-kinners-kriegt-besuch-mein-neuer-bester-freund_a_50,7,542465527.html",,
"https://www.nwzonline.de/ammerland/kultur/galerie-badzwahn-1-liefers-gallery_g_50,5,3039162297.html",,
"https://www.nwzonline.de/wesermarsch/wirtschaft/galerie-b211-gallery_g_50,5,2868827298.html",,
"https://www.nwzonline.de/wesermarsch/wirtschaft/galerie-brake-1-central-gallery_g_50,4,1856549689.html",,
"https://www.nwzonline.de/wesermarsch/wirtschaft/galerie-brake-1-guntsiet-gallery_g_50,4,1663834865.html",,
"https://www.nwzonline.de/cloppenburg/wirtschaft/es-kommt-fast-auf-minuten-an_a_6,1,3917150100.html",,
"https://www.nwzonline.de/friesland/kultur/44-theaterrollen-in-22-jahren_a_6,1,4122935679.html",,
"https://www.nwzonline.de/friesland/kultur/lustig-gefangen-im-eigenen-luegengeflecht_a_6,1,3462808335.html",,
"https://www.nwzonline.de/friesland/politik/erinnerung-mit-leidenschaft_a_6,1,4247734711.html",,
https://www.focus.de/politik/bei-markus-lanz-stimmvieh-gesucht-spd-mann-erklaert-im-tv-warum-jeder-fuer-5-euro-ueber-chefposten-abstimmen-soll_id_10865988.html,,
https://www.focus.de/politik/streit-um-delegation-russland-setzt-zahlungen-an-europarat-aus_id_7303837.html,,
https://www.focus.de/politik/um-sechs-weitere-monate-bundesregierung-verlaengert-ruestungsexportstopp-fuer-saudi-arabien_id_11157415.html,,
https://www.focus.de/sport/bleibt-der-grieche-doch-hsv-startet-mit-papadopoulos_id_9092714.html,,
https://www.neues-deutschland.de/artikel/1130772.karl-marx-was-in-und-hinter-den-worten-steht.html,,
https://www.neues-deutschland.de/artikel/1083098.anwohner-wehren-sich-gegen-ausbau-der-zufahrtsstrasse-zum-park-spreepark-oeffnet-wieder.html,,
https://www.neues-deutschland.de/artikel/1083381.fair-trade-schwarz-mit-milch-mit-oder-ohne-zucker.html,,
https://www.neues-deutschland.de/artikel/1083415.rechte-gewalt-bei-nazis-gilt-strafe-muss-sein.html,,
https://www.neues-deutschland.de/artikel/1129835.hoffen-auf-die-union.html,,
https://www.neues-deutschland.de/artikel/155177.tagetes-tut-gut.html,,
https://www.neues-deutschland.de/artikel/155209.israel-trickst-mit-siedlungen.html,,
https://www.neues-deutschland.de/artikel/155237.zittern-beim-gran-clasico.html,,
https://www.neues-deutschland.de/artikel/155249.erzieherinnen-wir-sind-am-ende.html,,
https://www.bild.de/themen/organisationen/air-berlin/fluege-nachrichten-news-fotos-videos-19290410.bild.html,,
https://www.bild.de/regional/dresden/so-krank-sind-sie-wirklich-8932162.bild.html,,
https://www.bild.de/regional/hannover/nach-koerperverletzung-und-beleidigung-11679576.bild.html,,
https://www.bild.de/sport/fussball/oliver-bierhoff-will-friedensgipfel-11399720.bild.html,,
https://www.bild.de/sport/fussball/sagen-sie-am-samstag-koenigsciao-12469720.bild.html,,
https://www.bild.de/politik/2009/9-november-1989-ute-gretzschel-9772878.bild.html,,
https://www.bild.de/themen/organisationen/air-berlin/fluege-nachrichten-news-fotos-videos-19290410.bild.html,,
https://www.bild.de/themen/organisationen/nike/organisation-news-fotos-videos-19350622.bild.html,,
https://www.bild.de/themen/specials/familiendrama/inland-nachrichten-news-fotos-videos-19310516.bild.html,,
https://www.tagesspiegel.de/rusch-lina/24145324.html,,
https://www.tagesspiegel.de/politik/leipzig-legida-praktisch-am-ende/19230702.html,,
https://www.tagesspiegel.de/marschall-christoph/5265950.html,,
https://www.tagesspiegel.de/meinung/gastkommentar-scheitert-der-suedsudan-als-staat/4370294.html,,
https://www.tagesspiegel.de/service/verlag-der-tagesspiegel-datenschutzerklaerung/22603436.html,,
https://www.tagesspiegel.de/wirtschaft/easyjet-schliesst-frieden-mit-berlin/5839834.html,,
https://www.tagesspiegel.de/berlin/bezirke/charlottenburg-wilmersdorf/berlin-charlottenburg-textilkette-primark-eroeffnet-am-zoo/19240916.html,,
https://www.tagesspiegel.de/berlin/notrufzentrale-der-berliner-polizei-wer-110-waehlt-muss-immer-laenger-warten/19170930.html,,
https://www.tagesspiegel.de/kultur/sasha-waltz-in-der-elbphilharmonie-vor-der-offiziellen-eroeffnung-die-auffuehrung-als-fuehrung/19201018.html,,
https://www.tagesspiegel.de/themen/maschinen-und-anlagenbau-mobilitaet/paneldiskussion-die-zukunft-ist-mint-perspektiven-fuer-den-ingenieurs-und-techniknachwuchs/19340816.html,,
https://taz.de/!ku51726/,,
https://taz.de/Human-Rights-Watch/!t5012891/,,
https://taz.de/Manoever/!t5017468/,,
https://taz.de/Resolution/!t5025781/,,
https://taz.de/!t5314595/,,
https://taz.de/!1528165/,,
https://taz.de/!1790511/,,
https://taz.de/!1791338/,,
https://taz.de/!442087/,,
https://rp-online.de/politik/ausland/donald-trump-spricht-mit-kim-kardashian-ueber-gefaengnisreform_aid-23151411,,
https://rp-online.de/politik/nrw-justizminister-legt-mandat-im-kreistag-nieder_aid-20814635,,
https://rp-online.de/politik/wir-muessen-jetzt-den-mund-aufmachen_aid-19315577,,
https://rp-online.de/politik/zeitgeist-surfer-bekommen-nasse-fuesse_aid-20815975,,
https://rp-online.de/sport/fussball/borussia/archiv/2007/01/02/,,
https://rp-online.de/sport/fussball/zweiteliga/archiv/2006/01/02/,,
https://rp-online.de/sport/fussball/zweiteliga/archiv/2006/01/30/,,
https://rp-online.de/sport/tennis/archiv/2007/01/03/,,
https://www.freitag.de/autoren/b-limp/@@empfehlungen,,
https://www.freitag.de/autoren/steffen-london/@@kommentare,,
https://www.freitag.de/autoren/steffen-london/@@schreiber,,
https://www.freitag.de/autoren/timmaloy/@@view,,
https://www.freitag.de/autoren/dennis82/die-steuern-2-2,,
https://www.freitag.de/autoren/michael-jaeger/14-fall-ab-herz,,
https://www.freitag.de/autoren/michael-jaeger/16-kein-ende-der-offnungen,,
https://www.freitag.de/autoren/tom-strohschneider/emmely-im-abseits,,
https://www.merkur.de/sport/eishockey/mehr-eishockey/,,
https://www.merkur.de/lokales/freising/hoergertshausen-ort377185/archiv-2017/,,
https://www.merkur.de/lokales/fuerstenfeldbruck/geltendorf-ort28717/,,
https://www.merkur.de/lokales/muenchen/archiv-2003/,,
https://www.merkur.de/thema/london-ort28998/,,
https://www.merkur.de/lokales/ebersberg/umgehungsstrasse-rueckt-naeher-322233.html,,
https://www.merkur.de/lokales/ebersberg/vergessenen-gutterstaetter-wiesen-282188.html,,
https://www.merkur.de/lokales/ebersberg/verkehrsentlastung-kommt-285657.html,,
https://www.merkur.de/lokales/muenchen/archiv-2005/,,
https://www.hna.de/thema/garten-sti127680/index-vc-376856-6.html,,
https://www.hna.de/anzeigen/anzeige-aufgeben/,,
https://www.hna.de/kassel/archiv-2008/,,
https://www.hna.de/politik/archiv-2005/,,
https://www.hna.de/ueber-uns/datenschutz-oba/,,
https://www.hna.de/politik/zr-bundesversammlung-vorbote-macht-zr-310703.html,,
https://www.hna.de/sport/archiv-2008-10/,,
https://www.hna.de/welt/zr-fotostrecke-z-tiere-suesser-nachwuchs-63845.html,,
https://www.hna.de/wirtschaft/zr-fotostrecke-marken-vertrauen-106695.html,,
https://www.ksta.de/koeln/arena-exklusiv,,
https://www.ksta.de/region/rhein-erft/bedburg,,
https://www.ksta.de/region/rhein-erft/bergheim,,
https://www.ksta.de/sport/liveticker,,
https://www.ksta.de/das-eichamt-wacht-14363700,,
https://www.ksta.de/nicht-wie-am-schnuerchen-14363730,,
https://www.ksta.de/schon-team-ist-gut-vorbereitet-14193708,,
https://www.ksta.de/uni-will-studenten---angst-vor-dem-weissem-blatt--nehmen-14363942,,
https://www.wa.de/thema/bernd-thissen-per359402/,,
https://www.wa.de/leben/geld/,,
https://www.wa.de/sport/drensteinfurt/,,
https://www.wa.de/sport/sport-mix/,,
https://www.wa.de/stars/,,
https://www.wa.de/politik/zr-koehlers-letzte-rede-wahl-310902.html,,
https://www.wa.de/stars/tz-fotostrecke-teuersten-scheidungenin-promiwelt-zr-190066.html,,
https://www.wa.de/stars/zr-fotostrecke-poshspice-victoria-beckham-leicht-bekleidet-281774.html,,
https://www.wa.de/stars/zr-fotostrecke-z-pers-beckham-victoria-verfuehrerisch-unterwaesche-360607.html,,
https://www.morgenpost.de/vermischtes/article228043211/Trierer-Klaerwerk-Mitarbeiter-findet-Leiche-in-Schlammbecken.html,,
https://www.morgenpost.de/printarchiv/nachrichten-vom-14-1-2020.html,,
https://www.morgenpost.de/printarchiv/nachrichten-vom-16-1-2020.html,,
https://www.morgenpost.de/printarchiv/nachrichten-vom-21-1-2020.html,,
https://www.morgenpost.de/printarchiv/nachrichten-vom-27-1-2020.html,,
https://www.morgenpost.de/kultur/article104899545/Esmahan-Aykol-und-der-Sex-im-Hausflur.html,,
https://www.morgenpost.de/web-wissen/article104191475/Harmlose-Videospiele-machen-gesund.html,,
https://www.morgenpost.de/web-wissen/article104647104/Wenn-aus-Leidenschaft-Liebe-wird.html,,
https://www.morgenpost.de/web-wissen/article104866448/Wut-macht-noch-wuetender.html,,
https://www.saarbruecker-zeitung.de/saarland/biathleten-finden-puettlingen-klasse_aid-1033619,,
https://www.saarbruecker-zeitung.de/saarland/blutspender-dringend-gesucht_aid-139343,,
https://www.saarbruecker-zeitung.de/saarland/bunte-muessen-auf-ihren-fraktionsstatus-noch-warten_aid-1838569,,
https://www.saarbruecker-zeitung.de/saarland/sammler-gesucht-wer-begeistert-sich-fuer-sonnenbrillen_aid-1011332,,
https://www.saarbruecker-zeitung.de/nachrichten/politik/archiv/2013/01/01/,,
https://www.saarbruecker-zeitung.de/nachrichten/politik/archiv/2013/01/21/,,
https://www.saarbruecker-zeitung.de/nachrichten/politik/archiv/2013/04/05/,,
https://www.saarbruecker-zeitung.de/nachrichten/politik/archiv/2013/04/16/,,
https://www.abendblatt.de/article228192217/Libyen-Wer-ueberwacht-das-Waffenembargo.html,,
https://www.abendblatt.de/hamburg/article108547581/Stimmen-von-der-Trauerfeier-fuer-Loki-Schmidt.html,,
https://www.abendblatt.de/politik/article108549004/Studenten-protestieren-in-London.html,,
https://www.abendblatt.de/wirtschaft/article107984715/Die-Kanzlermaschine.html,,
https://www.abendblatt.de/archiv/1986/article203574649/Eine-Girlande-aus-Blech-und-High-Tech-um-die-Erde.html,,
https://www.abendblatt.de/archiv/1986/article203574667/Autobahntempo.html,,
https://www.abendblatt.de/archiv/1986/article203574669/Anscheins-Beweis.html,,
https://www.wiwo.de/sparmassnahmen-sparkasse-koeln-bonn-streicht-850-stellen/20620330.html,,
https://www.wiwo.de/unternehmen/dienstleister/deutsche-bahn-cargo-sicherheitsablaeufe-bremsen-den-gueterverkehr/19431024.html,,
https://www.wiwo.de/finanzen/immobilien/anschlussfinanzierung-zehntausende-euro-sparen-und-schneller-schuldenfrei-sein/23904266-3.html,,
https://www.wiwo.de/politik/deutschland/staedteranking-2018-es-gibt-keinen-schoeneren-flughafen-in-europa-als-muenchen/23584788-3.html,,
https://www.wiwo.de/politik/europa/tauchsieder-ein-huegel-der-inhumanitaet/22752180-2.html,,
https://www.wiwo.de/unternehmen/dienstleister/reederei-rickmers-wir-fuerchten-nichts/12070718-all.html,,
https://www.wiwo.de/erfolg/lebenserwartung-welche-eigenschaften-zu-einem-langen-leben-verhelfen/19280720-all.html,,
https://www.wiwo.de/politik/deutschland/goerlachs-gedanken-die-deutsche-leitkultur-ist-ein-mythos/19741206.html,,
https://www.wiwo.de/unternehmen/auto/psa-deal-opel-verkauf-koennte-kettenreaktion-ausloesen/19440502.html,,
https://www.wiwo.de/unternehmen/industrie/elektrokonzern-abb-schweizer-attackieren-siemens-mit-milliardendeal/19610526.html,,
https://www.fr.de/thema/cosa-nostra-org26643/,,
https://www.fr.de/thema/ivan-klasnic-per35320/,,
https://www.fr.de/thema/markus-luepertz-per38285/,,
https://www.fr.de/thema/osc-lille-org27544/,,
https://www.fr.de/sport/sport-mix/alles-wasser-11725585.html,,
https://www.fr.de/sport/sport-mix/klasse-sehen-aus-11725637.html,,
https://www.fr.de/sport/sport-mix/schau-augen-alte-11725654.html,,
https://www.fr.de/sport/sport-mix/schmerzensreiche-11725551.html,,
"https://www.weser-kurier.de/bremen_artikel,-getoetete-prostituierte-aus-bremerhaven-polizei-rollt-mordfaelle-neu-auf-_dossier,-alles-zum-bamfskandal-_arid,1875219_dossierid,104.html",,
"https://www.weser-kurier.de/schlagzeilen_artikel,-deutsche-handballer-testen-gegen-island-fuer-die-em-_dossier,-serie-offene-wahl-_arid,1887121_dossierid,23.html",,
"https://www.weser-kurier.de/sport_artikel,-friedrich-faengt-walther-mit-neuen-bob-ab-_dossier,-dossier-zum-krankenpflegerprozess-_arid,1887069_dossierid,10.html",,
"https://www.weser-kurier.de/startseite_artikel,-til-schweiger-deutsche-schauspieler-muessen-natuerlicher-sein-_arid,1870559.html",,
https://www.lvz.de/Leipzig/Lokales/Bluterguss-dickes-Bein-ausgeschlagene-Zaehne-fast-500-tierische-Patienten-beim-Doktor,,
https://www.lvz.de/Leipzig/Lokales/Proteste-gegen-Waffenverbotszone-in-Leipzig-verlaufen-friedlich,,
https://www.lvz.de/Nachrichten/Politik/Begruessungskuesschen-Lacher-und-Proteste-der-G7-Gipfel-in-Bildern,,
https://www.lvz.de/Nachrichten/Wissen/Im-Test-Die-meisten-Kindersitze-fuers-Auto-sind-sicher,,
https://www.lvz.de/Mehr/Bilder/kultur-ausstellung-20091126-ozeanien,,
https://www.lvz.de/Mehr/Bilder/kultur-buehne-20091103-euroscene/1,,
https://www.lvz.de/Mehr/Bilder/Leipzig-Citynews-20091001-richtfest-llughafenwehr-2/2,,
https://haolam.de/artikel_11872.html,,
https://haolam.de/artikel_20125.html,,
https://haolam.de/artikel_20428.html,,
https://haolam.de/de/page/diewoche.html,,
https://haolam.de/artikel/Europa/11445/Konservative-bereiten-Gleichstellung-fuer-schwullesbische-Paare-vor.html,,
https://haolam.de/artikel/welt/5015/Menschenrechte-gegen-Geld.html,,
https://haolam.de/artikel/welt/8509/Mit-Antisemitismus-und-Homophobie-zum-Wahlerfolg.html,,
https://haolam.de/artikel/welt/8821/Salafisten-ueberfallen-AntifaAktivisten.html,,
https://www.ipg-journal.de/interviews/page/17/,,
https://www.ipg-journal.de/interviews/page/23/,,
https://www.ipg-journal.de/regionen/europa/page/64/,,
https://www.ipg-journal.de/regionen/europa/page/66/,,
https://www.ipg-journal.de/kolumne/artikel/auch-in-syrien-ist-nicht-alles-ansichtssache/,,
https://www.ipg-journal.de/kolumne/artikel/das-ist-kein-neokolonialismus/,,
https://www.ipg-journal.de/kommentar/artikel/schwache-staaten-arme-laender/,,
https://www.ipg-journal.de/schwerpunkt-des-monats/aussenpolitische-herausforderungen-der-neuen-bundesregierung/artikel/detail/eu-krise-warum-wim-wenders-leider-recht-hat/,,
https://www.tz.de/anzeigen/prospekte-beilagen/,,
https://www.tz.de/ueber-uns/kontakt/,,
https://www.tz.de/stars/michelle-hunziker-keine-flirts-zr-553376.html,,
https://www.tz.de/stars/zr-fotostrecke-schoensten-frauen-welt-281720.html,,
https://www.tz.de/stars/zr-fotostrecke-z-pers-beckham-victoria-verfuehrerisch-unterwaesche-360607.html,,
https://www.tz.de/welt/fotostrecke-bauernregeln-348628.html,,
https://www.haz.de/Umland/Laatzen/Rethen,,
https://www.haz.de/Umland/Langenhagen/Engelbostel,,
https://www.haz.de/Umland/Lehrte/Lehrte-SPD-sammelt-Unterschriften-fuer-Erhalt-des-Schuetzenplatzes,,
https://www.haz.de/Umland/Neustadt/Noepke,,
https://www.haz.de/Mehr/Bilder/Galerien/2018/12/7-Tipps-zum-Boellern-an-Silvester,,
https://www.haz.de/Mehr/Bilder/Galerien/2018/8/25.000-Besucher-beim-Gothic-Festival-M-era-Luna-in-Hildesheim,,
https://www.haz.de/Mehr/Bilder/Galerien/2018/8/25.000-Besucher-beim-Gothic-Festival-M-era-Luna-in-Hildesheim/3,,
https://www.haz.de/Mehr/Bilder/Galerien/2019/3/50-Jahre-Ganztagsschule,,
https://www.waz.de/kultur/fernsehen/anne-will-roettgen-nennt-us-politik-in-syrien-erbaermlich-id227418247.html,,
https://www.waz.de/politik/landespolitik/schlabberlook-unerwuenscht-schule-verbietet-jogginghosen-id216818555.html,,
https://www.waz.de/staedte/menden/fuer-den-guten-zweck-in-menden-spendenaktion-laeuft-gut-an-id228068569.html,,
https://www.waz.de/staedte/menden/mvg-nimmt-aufschlag-fuer-sonderfahrten-in-menden-id228070235.html,,
https://www.waz.de/staedte/bottrop/die-kurze-geschichte-der-zeche-vereinigte-welheim-id214857055.html,,
https://www.waz.de/video/59153bd5e4b0591254a91413-1280x720-may-12-2017-9-22-37-1-id210571025.html,,
https://www.n-tv.de/politik/Maas-droht-Teheran-mit-Sanktionen-article21388352.html,,
https://www.n-tv.de/politik/Nordkorea-protzt-mit-neuartiger-Rakete-article21310112.html,,
https://www.n-tv.de/politik/Nord-und-Suedkorea-ziehen-Wachposten-ab-article20683095.html,,
https://www.n-tv.de/politik/USA-verlangen-mehr-Geld-von-Suedkorea-article20851358.html,,
https://www.wr.de/staedte/oberhausen/bergmann-ersin-baytekin-schult-zum-altenpfleger-um-id226754449.html,,
https://www.wr.de/staedte/oberhausen/oberhausener-bei-gorbatschow-viele-koennen-s-kaum-glauben-id226853653.html,,
https://www.wr.de/staedte/oberhausen/was-die-akteure-der-bewegung-die-wahre-spd-wirklich-wollen-id226174979.html,,
https://www.wr.de/staedte/oberhausen/weisses-dinner-und-strassentheater-locken-nach-oberhausen-id226457765.html,,
https://www.wr.de/staedte/gladbeck/mit-dem-puett-begann-fuer-gladbeck-eine-neue-epoche-id214895189.html,,
https://projekte.sueddeutsche.de/artikel/politik/max-pechstein-the-bridge-e136931/,,
https://projekte.sueddeutsche.de/artikel/wirtschaft/miete-wie-teuer-ist-ihre-wohnung-die-grosse-sz-umfrage-e515679/,,
https://projekte.sueddeutsche.de/implantfiles/politik/implant-files-english-version-the-sick-system-e167322/,,
https://projekte.sueddeutsche.de/paradisepapers/politik/queen-profitiert-von-wucher-geschaeften-e882190/,,
https://projekte.sueddeutsche.de/artikel/gesellschaft/bibliotheken-aus-aller-welt-e271922/,,
https://projekte.sueddeutsche.de/artikel/gesellschaft/kinder-influencer-kinderarbeit-e552548/,,
https://projekte.sueddeutsche.de/artikel/politik/a-turkish-lawsuit-could-muzzle-an-important-journalist-e450812/,,
https://projekte.sueddeutsche.de/artikel/politik/polizei-in-sachsen-hueter-von-rechts-und-ordnung-e681221/,,
https://www.braunschweiger-zeitung.de/salzgitter/article226248205/190620-Salzgitteraner-d-Jahres-2019.html,,
https://www.braunschweiger-zeitung.de/kultur/kino/article226552257/Marvel-bricht-mit-Avengers-Endgame-Kinokassen-Rekord.html,,
https://www.braunschweiger-zeitung.de/kultur/kino/article227039529/60-Frauen-stiften-neuen-Preis-fuer-Braunschweiger-Filmfest.html,,
https://www.braunschweiger-zeitung.de/politik/inland/article214488401/Justizministerin-Barley-fuer-schaerfere-Mietpreisbremse.html,,
https://www.braunschweiger-zeitung.de/politik/inland/article227485915/Bodo-Ramelow-Seine-beiden-Soehne-erkrankten-an-Krebs.html,,
https://www.volksstimme.de/kalenderblatt/kalenderblatt-2020-3.-januar/1577107323000,,
https://www.volksstimme.de/1fcm/fussball-fcm-gegen-chemnitz-im-liveticker,,
https://www.volksstimme.de/lokal/genthin/glasfaser-verlegt-schnelles-internet-fuer-2600-haushalte,,
https://www.volksstimme.de/nachrichten/magdeburg/1519937_Poetenpack-befasst-sich-mit-Sex.html,,
https://www.volksstimme.de/thema/rasenball/1650,,
https://www.volksstimme.de/20150701/ideenschmiede-mit-app-gegen-kundenschwund,,
https://www.volksstimme.de/lokal/magdeburg/20150721/freilaufender-kampfhund-warum-der-polizist-einen-hund-erschoss,,
https://www.volksstimme.de/lokal/salzwedel/20150721/kloetze-pitbull-mischling-frisst-fuss,,
https://www.volksstimme.de/sachsen-anhalt/20150720/foerdermittel-rechnungshof-kritisiert-mangelnde-transparenz,,
https://www.manager-magazin.de/finanzen/geldanlage/magellan-maritime-services-insolvenzverwalter-ueberweist-40-millionen-euro-a-1303349.html,,
https://www.manager-magazin.de/fotostrecke/batterien-so-funktioniert-die-wertschoepfungskette-fotostrecke-142253-16.html,,
https://www.manager-magazin.de/fotostrecke/donald-trump-will-groenland-kaufen-land-deals-der-usa-fotostrecke-170217-12.html,,
https://www.manager-magazin.de/fotostrecke/luxus-skimode-die-60er-70er-und-80er-jahre-kommen-zurueck-fotostrecke-171012-2.html,,
https://www.manager-magazin.de/fotostrecke/thomas-cook-die-tourismus-marken-fotostrecke-170796-2.html,,
https://www.manager-magazin.de/lifestyle/genuss/champagner-der-grosse-wein-test-a-936999.html,,
https://www.manager-magazin.de/lifestyle/quiz/quiz-wie-gut-ist-ihre-allgemeinbildung-a-1139548.html,,
https://www.manager-magazin.de/politik/weltwirtschaft/san-francisco-geringverdiener-mit-100-000-dollar-einkommen-a-1144259.html,,
https://www.manager-magazin.de/unternehmen/artikel/das-maerchen-vom-fachkraeftemangel-a-1136647.html,,
https://jungefreiheit.de/kolumne/2011/hiwis-fuer-nicolas/,,
https://jungefreiheit.de/wirtschaft/2013/deutscher-ezb-direktor-warnt-vor-aufweichung-des-stabilitaetspakts/,,
https://jungefreiheit.de/wirtschaft/2013/handwerkspraesident-umwirbt-tuerken/,,
https://jungefreiheit.de/wirtschaft/2014/seid-verschlungen-milliarden/,,
https://jungefreiheit.de/2011/05/24/,,
https://jungefreiheit.de/2013/11/08/,,
https://jungefreiheit.de/2014/04/24/,,
https://jungefreiheit.de/2014/04/25/,,
https://www.juwiss.de/tag/corte-costituzionale/,,
https://www.juwiss.de/tag/kollektives-selbstverteidigungs-recht/,,
https://www.juwiss.de/tag/nzz/,,
https://www.juwiss.de/tag/wm-2018/,,
https://www.juwiss.de/das-internet-als-grundversorgung/,,
https://www.juwiss.de/europaisierung-des-volkerrechts-wer-hat-das-letzte-wort-im-gefuge-von-volkerrecht-unionsrecht-und-nationalem-recht/,,
https://www.juwiss.de/licht-ins-off-der-bundessicherheitsrat-und-die-praxis-der-rustungsexporte/,,
https://www.juwiss.de/waffenlieferungen-an-die-syrische-opposition-zwischen-europarecht-und-volkerrecht/,,
https://www.augsburger-allgemeine.de/dillingen/sport/Ehrung-der-Besten-id52361986.html,,
https://www.augsburger-allgemeine.de/dillingen/sport/Ein-Ueberraschungsteam-zwei-Sorgenkinder-id56131306.html,,
https://www.augsburger-allgemeine.de/friedberg/sport/Die-Favoritenrolle-scheint-vergeben-id56220891.html,,
https://www.augsburger-allgemeine.de/sport/fussball/HSV-Trainer-Hecking-schimpft-Muessen-dreckig-werden-id56103786.html,,
https://www.jungewelt.de/artikel/358958.pop-der-wei%C3%9Fe-zulu.html,,
https://www.jungewelt.de/artikel/365104.imperien-haben-keine-freunde.html,,
https://www.jungewelt.de/artikel/366358.urananreicherung-vierte-stufe-eingeleitet.html,,
https://www.jungewelt.de/artikel/366527.kino-ans-rettende-ufer.html,,
https://www.jungewelt.de/2003/01-29/,,
https://www.jungewelt.de/2003/02-28/index.php,,
https://www.jungewelt.de/2003/03-20/,,
https://www.jungewelt.de/artikel/190201.f%C3%BCnf-tote-nach-meningitis-ausbruch.html,,
https://www.westfalen-blatt.de/SCP/3372745-Am-Ende-zitterte-Paderborn-noch-um-den-Sieg-beim-Hessenligisten-SCP-kommt-in-Kassel-zu-einem-4-3-Erfolg,,
https://www.westfalen-blatt.de/SCP/3406727-SCP-spielt-gegen-den-1.-FC-Magdeburg-unter-Ausschluss-der-Oeffentlichkeit-Testspiel-am-Freitag-ohne-Zuschauer,,
https://www.westfalen-blatt.de/SCP/3594928-Beim-Spiel-gegen-Darmstadt-Drei-Tore-Tekpetey-nimmt-den-Ball-mit,,
https://www.westfalen-blatt.de/SCP/3626583-Mitgliederversammlung-des-SC-Paderborn-Dickes-Minus-aber-sportlich-laeuft-es-mit-Video-Kroesche-spricht-von-einer-neuen-Aera,,
"https://www.schwaebische.de/landkreis/landkreis-tuttlingen/muehlheim_artikel,-kiekbusch-kritisiert-zunehmende-gewalt-auf-sportpl%C3%A4tzen-_arid,11086893.html",,
"https://www.schwaebische.de/suchergebnisse_suchbegriff,Armin+Egle_typ,ar.html",,
"https://www.schwaebische.de/suchergebnisse_suchbegriff,Jim+Parsons_typ,mediagal.html",,
"https://www.schwaebische.de/suchergebnisse_suchbegriff,Sheldon+Cooper_typ,mediagal.html",,
"https://www.schwaebische.de/heute_landkreis,Albdonau_vom,2019-11-20.html",,
"https://www.schwaebische.de/heute_landkreis,Lindau_vom,2019-11-20.html",,
http://www.b14643.de/Spacerockets_1/West_Europe/Diamant/Description/Frame.htm,,
http://www.b14643.de/Spacerockets_1/West_Europe/Europa-III/Description/Frame.htm,,
http://www.b14643.de/Spacerockets_1/West_Europe/MSBS-Diogene/Description/Frame.htm,,
http://www.b14643.de/Spacerockets_1/West_Europe/VEGA/Description/Frame.htm,,
https://www.koschyk.de/tag/bundesautobahn,,
https://www.koschyk.de/tag/justizakademie,,
https://www.koschyk.de/tag/unternehmen,,
https://www.koschyk.de/tag/wirtschaftsweg,,
https://www.koschyk.de/allgemein/koschyk-kein-verfassungswidriges-burokratie-monster-in-der-arbeitsverwaltung-315.html,,
https://www.koschyk.de/fur-die-region/koschyk-%E2%80%9Earbeitsplatze-in-der-region-mussen-erhalten-bleiben%E2%80%9C-305.html,,
https://www.koschyk.de/fur-die-region/neujahrsempfang-der-ihk-in-bayreuth-604.html,,
https://www.koschyk.de/publikationen/erste-ausgabe-von-klartext-dem-neuen-politischen-themenblatt-pdf-452.html,,
https://www.zdf.de/nachrichten/heute-in-deutschland/heute---in-deutschland-vom-2-januar-2020-100.html,,
https://www.zdf.de/nachrichten/heute/chinas-erster-selbstgebauter-flugzeugtraeger-in-dienst-gestellt-100.html,,
https://www.zdf.de/nachrichten/heute/deutsche-in-hongkong-festgenommen-100.html,,
https://www.zdf.de/nachrichten/heute/tochter-ilham-tohtis-sacharow-preis-entgegen-genommen-100.html,,
https://www.zdf.de/nachrichten/heute/us-militaer-sucht-nach-seltenen-erden-100.html,,
https://www.zdf.de/nachrichten/heute-19-uhr/200103-heute-sendung-19-uhr-100.html,,
https://www.zdf.de/nachrichten/heute-sendungen/190104-reaktionen-der-abgeordneten-100.html,,
https://www.zdf.de/show/zdf-fernsehgarten/190609-marquis-fsg-100.html,,
https://www.zdf.de/show/zdf-fernsehgarten/190707-armin-fsg-100.html,,
http://eisberg.blogsport.de/2008/01/,,
http://eisberg.blogsport.de/2011/06/,,
http://eisberg.blogsport.de/category/antisemitismus/,,
http://eisberg.blogsport.de/category/rechtes-von-links-gelesen/,,
http://eisberg.blogsport.de/2007/04/27/hilfe-die-deutschen-kommen/,,
http://eisberg.blogsport.de/2007/04/27/neturei-karta-der-antisemiten-liebste-juden/,,
http://eisberg.blogsport.de/2007/05/28/kims-braune-freunde-die-volksgemeinschaft-nordkorea-und-ihre-rechten-fans/,,
http://eisberg.blogsport.de/2007/05/28/zum-deutschen-reich/,,
https://causa.tagesspiegel.de/gesellschaft/werden-migranten-haeufiger-straffaellig/unter-fluchtlingen-gibt-es-nicht-mehr-straftater-als-unter-einheimischen.html,,
https://causa.tagesspiegel.de/politik/die-nato-und-russland-klare-kante-oder-saebelrasseln/auf-eine-provokation-der-nato-wird-eine-reaktion-russlands-folgen.html,,
https://causa.tagesspiegel.de/themen/g,,
https://causa.tagesspiegel.de/themen/p,,
https://causa.tagesspiegel.de/gesellschaft/hass-im-netz/ob-trolle-tater-werden-ist-kaum-erforscht.html,,
https://causa.tagesspiegel.de/gesellschaft/klimawandel/ein-klimavertrag-als-lernprozess.html,,
https://causa.tagesspiegel.de/politik/zukunft-der-bundeswehr/militar-einheiten-kannibalisieren-sich-gegenseitig.html,,
https://causa.tagesspiegel.de/wirtschaft/die-nullzinspolitik-der-ezb/in-zukunft-investieren-damit-sich-sparen-wieder-lohnt.html,,
https://www.derwesten.de/sport/,,
https://www.derwesten.de/panorama/zweites-foto-aufgetaucht-geheimnis-um-sarah-lombardis-neuen-freund-ist-gelueftet-id214504583.html,,
https://www.derwesten.de/staedte/bochum/bochumerin-reitet-bei-schwerem-unwetter-mit-pferd-aus-dann-hagelt-es-baeume-id210923803.html,,
https://www.derwesten.de/staedte/essen/hilfeschrei-in-der-nacht-mann-34-in-essen-niedergestochen-nun-sucht-die-polizei-den-taeter-mit-diesem-foto-id213013733.html,,
https://www.derwesten.de/staedte/essen/und-das-samstags-dicker-stau-wegen-sperrung-auf-der-a52-nervenprobe-fuer-ueberhitzte-autofahrer-id211333799.html,,
https://www.derwesten.de/politik/,,
https://www.derwesten.de/wetter/,,
https://www.cicero.de/aussenpolitik/islamischer-staat-kinderopfer-fuer-das-kalifat,,
https://www.cicero.de/aussenpolitik/terroranschlag-in-nizza-freiheit-macht-verwundbar,,
https://www.cicero.de/innenpolitik/jamaika-koalition-merkel-linder-fdp-gruene,,
https://www.cicero.de/karikaturen/grundrente-kompromiss-groko-spd-cdu,,
https://www.t-online.de/finanzen/id_66971788/finanztransaktionssteuer-soll-weiter-verwaessert-werden.html,,
https://www.t-online.de/finanzen/id_73204682/diw-finanztransaktionssteuer-koennte-bis-zu-45-mrd-bringen.html,,
https://www.t-online.de/region/id_84471966/klage-gegen-laerm-von-strassenpflaster-in-oppenheim-abgewiesen.html,,
https://www.t-online.de/region/id_87081370/erster-tag-im-neuen-jahr-endet-fuer-jungen-mann-im-gefaengnis.html,,
https://www.t-online.de/unterhaltung/stars/id_84551062/das-haelt-michelle-hunziker-von-sexy-bildern-ihrer-tochter-aurora-ramazzotti-.html,,
https://www.t-online.de/unterhaltung/tv/id_85178108/pause-fuer-sven-deutschmanek-darum-faellt-der-bares-fuer-rares-experte-aus.html,,
https://www.tagesschau.de/ausland/madeira-123.html,,
https://www.tagesschau.de/ausland/sudan-185.html,,
https://www.tagesschau.de/ausland/trump-nordkorea-sanktionen-109~_origin-b05d8525-ec84-46db-a806-155bfc989ccc.html,,
http://www.tagesschau.de/multimedia/video/video-641339.html,,
https://www.tagesschau.de/archiv/meldungsarchiv100~_date-20190124.html,,
http://www.tagesschau.de/archiv/meldungsarchiv100~_date-20190104.html,,
http://www.tagesschau.de/archiv/meldungsarchiv100~_date-20190118.html,,
http://www.tagesschau.de/archiv/meldungsarchiv100~_date-20190203.html,,
https://www.linksnet.de/artikel/17959,,
https://www.linksnet.de/artikel/19300,,
https://www.linksnet.de/artikel/19746,,
https://www.linksnet.de/artikel/37650,,
https://www.freiepresse.de/erzgebirge/schwarzenberg/lichtscheue-gestalten-stehlen-solarmodule-von-hallendaechern-artikel10668661,,
https://www.freiepresse.de/erzgebirge/zschopau/krimilesung-bei-der-fichtelbergbahn-artikel10581049,,
https://www.freiepresse.de/zwickau/zwickau/burg-beherbergt-aeltesten-hartensteiner-artikel10554498,,
https://www.freiepresse.de/zwickau/zwickau/wenn-das-umziehen-zur-kunst-wird-artikel10682301,,
https://www.freiepresse.de/archiv,,
http://www.g-8.de/Webs/G8/DE/Medien/FotoDownload/blaettern26a7.html,,
http://www.g-8.de/Webs/G8/EN/Media/FotoDownload/fotodownload1f72.html,,
http://www.g-8.de/Webs/G8/EN/Media/FotoDownload/fotodownload34f5.html,,
http://www.g-8.de/Webs/G8/EN/Media/FotoDownload/fotodownload7c0b.html,,
"http://www.g-8.de/Content/DE/Artikel/test/2006-07-17-g8-homepage,layoutVariant=Poster.html",,
"http://www.g-8.de/Content/EN/Artikel/2006/07/2006-07-16-g8-j8__en,layoutVariant=Druckansicht.html",,
http://www.g-8.de/Content/EN/Artikel/2006/10/2006-10-18-schwerpunkte-deutsche-g8-pr_C3_A4sidentschaft__en.html,,
http://www.g-8.de/Content/EN/Artikel/2006/11/2006-11-21-aids__en.html,,
https://www.budrich-journals.de/index.php/feminapolitica/article/view/1694,,
https://www.budrich-journals.de/index.php/historie/article/view/11176,,
https://www.budrich-journals.de/index.php/peripherie/article/view/24066,,
https://www.budrich-journals.de/index.php/peripherie/article/view/24251,,
https://saek.de/events/ach-das-wird-doch-noch-geschnitten-postproduktion-und-videoschnitt-fuer-fortgeschrittene/,,
https://saek.de/events/grundlagen-des-coding-und-making-2/,,
https://saek.de/events/selfies-sexting-selbstdarstellung-medien-in-der-pubertaet/,,
https://saek.de/events/unsere-kinder-ihr-smartphone-und-wir-zum-umgang-mit-medien-in-der-familie/,,
https://saek.de/check-dein-profil-bevor-es-andere-tun/,,
https://saek.de/hoerspiel-schauspiel/,,
https://saek.de/medienbildung-fuer-erzieher/,,
https://saek.de/wir-schneiden-weiter-und-bekommen-gute-ergebnisse/,,
http://www.matthiaskuentzel.de/contents/augstein-und-der-israelkomplex,,
http://www.matthiaskuentzel.de/contents/sprache-kann-toeten,,
http://www.matthiaskuentzel.de/contents/warum-wird-ueber-den-islamischen-antisemitismus-geschwiegen,,
http://www.matthiaskuentzel.de/contents/was-will-die-bundeswehr-in-mazedonien-vortrag,,
https://www.swp.de/suedwesten/mittagstisch/ulm/,,
https://www.swp.de/suedwesten/staedte/haigerloch/,,
https://www.swp.de/suedwesten/staedte/ulm/thema/orange-campus,,
https://www.swp.de/suedwesten/thema/zf-friedrichshafen,,
https://www.swp.de/suedwesten/staedte/ulm/fasching_-fasnet-und-karneval-wo-wird-wie-gefeiert_-16139895.html,,
https://www.swp.de/suedwesten/staedte/ulm/internationaler-hairstylist-schult-ulmer-friseure-17414695.html,,
https://www.swp.de/wirtschaft/news/ausverkauf-bei-schlecker-21870761.html,,
https://www.swp.de/wirtschaft/schlecker-versteigerung-16113487.html,,
https://sz-magazin.sueddeutsche.de/autor/max-fellmann,,
https://sz-magazin.sueddeutsche.de/tag/atomkrieg,,
https://sz-magazin.sueddeutsche.de/tag/nachspeise,,
https://sz-magazin.sueddeutsche.de/tag/stadt,,
https://sz-magazin.sueddeutsche.de/literatur/herr-lehmann-75708,,
https://sz-magazin.sueddeutsche.de/literatur/peter-handke-nobelpreis-79280,,
https://sz-magazin.sueddeutsche.de/medien/erfolg-bei-den-lead-awards-2014-80806,,
https://sz-magazin.sueddeutsche.de/sz-diskothek/jaki-liebezeit-interview-can-free-jazz-rhythmus-87065,,
https://www.thueringer-allgemeine.de/blog/auf-den-spuren-einer-legende-victoria-stirnemann-wird-von-ihrer-mutter-trainiert-id228034317.html,,
https://www.thueringer-allgemeine.de/autoren/antonia-pfaff/,,
https://www.thueringer-allgemeine.de/autoren/sascha-hollands/,,
https://www.thueringer-allgemeine.de/kultur/baukunst/,,
https://www.thueringer-allgemeine.de/sport/schwimmen/,,
https://www.thueringer-allgemeine.de/regionen/arnstadt/technische-universitaet-begruesst-neue-studenten-id217443825.html,,
https://www.thueringer-allgemeine.de/regionen/saalfeld/spass-beim-saalfelder-staffelschwimmen-id217135521.html,,
https://www.thueringer-allgemeine.de/sport/fussball/3-liga/belebung-der-offensive-durch-leihspieler-beim-fc-carl-zeiss-id226215245.html,,
https://www.thueringer-allgemeine.de/sport/fussball/thueringenliga/leinefelde-kassiert-nach-trainerwechsel-0-6-klatsche-in-gera-id217633723.html,,
https://www.deutschlandfunk.de/der-tag-fragwuerdige-gaesteliste-was-macht-orban-bei-der-csu.3415.de.html,,
https://www.deutschlandfunk.de/der-tag-noch-mehr-krieg-in-syrien.3415.de.html,,
https://www.deutschlandfunk.de/der-tag-spd-eine-partei-zerlegt-sich-selbst.3415.de.html,,
https://www.deutschlandfunk.de/der-tag-wer-ist-die-afd.3415.de.html,,
https://www.deutschlandfunk.de/afd-der-islam-ist-ein-fremdkoerper.2852.de.html,,
https://www.deutschlandfunk.de/essay-und-diskurs.1183.de.html,,
https://www.deutschlandfunk.de/syrien-konferenz-hilfe-allein-genuegt-nicht.2852.de.html,,
https://www.badische-zeitung.de/der-schlachthof-liegt-jetzt-am-meer,,
https://www.badische-zeitung.de/lahrer-liedermacher-als-nachdenklicher-punk-der-wasser-trinkt,,
https://www.badische-zeitung.de/landhaus-ettenbuehl.de,,
https://www.badische-zeitung.de/weinprobe-fuer-einen-guten-zweck,,
http://www.k-p-d-online.de/index.php/die-rote-fahne/ausgaben/40-mitteilungen/580-sammelband-kurt-gossweiler-wie-konnte-das-geschehen,,
http://www.k-p-d-online.de/index.php/kpd/wahlen/40-mitteilungen/417-bildung-fuer-kommunisten-marxistisch-leninistisches-fernstudium-der-kpd-und-offen-siv,,
http://www.k-p-d-online.de/index.php/landesorganisationen/berlin/30-k-p-d/parteitage,,
http://www.k-p-d-online.de/index.php/weiterbildung/lesemappe-ddr/gruendung-der-sed/40-mitteilungen,,
http://www.k-p-d-online.de/index.php/kpd/termine/day.listevents/2020/01/05/-,,
http://www.k-p-d-online.de/index.php/kpd/termine/month.calendar/2020/01/02/-,,
http://www.k-p-d-online.de/index.php/kpd/termine/week.listevents/2019/12/30/-,,
http://www.k-p-d-online.de/index.php/kpd/termine/year.listevents/2020/01/05/-,,
https://www.suedkurier.de/newsletter/,,
https://www.suedkurier.de/region/linzgau/messkirch/,,
https://www.suedkurier.de/region/nachbarschaft/vorarlberg/,,
https://www.suedkurier.de/thema/djk-villingen/,,
https://www.suedkurier.de/services/agb/Allgemeine-Geschaeftsbedingungen-SUEDKURIER-Medienhaus,,
https://www.suedkurier.de/services/kontakt/Kontakt-Lokalredaktion-Bad-Saeckingen,,
https://www.suedkurier.de/services/kontakt/Kontakt-Lokalredaktion-Furtwangen,,
https://www.suedkurier.de/services/kontakt/Kontakt-Lokalredaktion-Villingen-Schwenningen,,
http://iep-berlin.de/blog/forum/die-ergebnisse-des-europaeischen-rates-und-die-zukunft-der-eu/,,
http://iep-berlin.de/blog/forum/iep-mittagsgespraech-mit-ministerialdirektor-martin-kotthaus-aktuelle-themen-der-europapolitik/,,
http://iep-berlin.de/en/press/,,
http://iep-berlin.de/en/research/,,
http://iep-berlin.de/blog/forum/deutsch-ungarisches-forum-13-jahrestagung/,,
http://iep-berlin.de/en/forum/filter/villa-vigoni-dialogue/,,
http://iep-berlin.de/en/forum/the-past-and-future-of-visegrad-cooperation/,,
http://iep-berlin.de/forum/filter/iep-mittagsgespraeche-2/archive/page/11/,,
https://www.noz.de/lokales-bn/bramsche/galerie/67283/190831-beilage-einschulung-a4-5-bilder,,
https://www.noz.de/deutschland-welt/politik/artikel/1560897/saudi-arabien-bestaetigt-toetung-von-journalist-jamal-khashoggi,,
https://www.noz.de/deutschland-welt/politik/artikel/1640636/zahl-der-soldaten-mit-kriegstraumata-bleibt-hoch,,
https://www.noz.de/lokales/melle/artikel/1191724/schuerzenjaeger-rocken-melle-mit-drum-solo-und-welle,,
https://www.noz.de/lokales/osnabrueck/artikel/531336/kritik-der-zoobesucher-ernst-nehmen,,
https://bnn.de/author/ajuettner/page/3,,
https://bnn.de/author/dkoerner/page/3,,
https://bnn.de/author/dneubauer/page/3,,
https://bnn.de/author/manderer/page/4,,
https://bnn.de/lokales/baden-baden/kirchen-heben-den-menschen-auf-eine-hoehere-stufe,,
https://bnn.de/nachrichten/muskelmann-aus-oberachern,,
https://bnn.de/nachrichten/nahversorgung-schlaegt-streichelzoo,,
https://bnn.de/nachrichten/olmp,,
https://usa.usembassy.de/etexts/factover/ch6.htm,,
https://usa.usembassy.de/etexts/factover/holidays.htm,,
https://usa.usembassy.de/etexts/factover/homepage.htm,,
https://usa.usembassy.de/etexts/ga1-card.htm,,
https://www.werner-kranwetvogel.de/bmw-motorrad-face-the-power/,,
https://www.werner-kranwetvogel.de/en/script-funding-for-aliens-in-upper-bavaria/,,
https://www.werner-kranwetvogel.de/en/the-interview/,,
https://www.werner-kranwetvogel.de/massgames-pyongyang/,,
https://www.friedenskooperative.de/aktion/aktionstage-abrustung-november2018,,
https://www.friedenskooperative.de/termine/hiroshima-gedenken-2018-in-berlin,,
https://www.friedenskooperative.de/termine/hiroshima-gedenken-2018-in-goettingen,,
https://www.friedenskooperative.de/termine/hiroshima-gedenken-2018-in-mainz,,
https://blog.zeit.de/hamburg/author/christophtwickel/,,
https://blog.zeit.de/netzfilmblog/category/netzfilm-der-woche/,,
https://blog.zeit.de/teilchen/tag/kunst/,,
https://blog.zeit.de/teilchen/tag/seeelefant/,,
https://blog.zeit.de/stoerungsmelder/2008/05/02/die-provokation-erhalt-ungebetene-gesichter-kubitschek-und-menzel_300,,
https://blog.zeit.de/stoerungsmelder/2010/01/14/wie-eine-neu-rechte-zeitschrift-junge-autoren-linkt_2280,,
https://blog.zeit.de/tontraeger/2009/12/07/beak_4229,,
https://blog.zeit.de/tontraeger/2010/05/17/the-national-high-violet_5416,,
https://www.schwarzwaelder-bote.de/inhalt.blaulicht-aus-der-region-stuttgart-26-juni-auto-ueberschlaegt-sich-wegen-fuchs-page6.cf65b380-1d08-405b-9d2b-85c74a823755.html,,
https://www.schwarzwaelder-bote.de/inhalt.blaulicht-aus-der-region-stuttgart-27-april-brennender-waeschekorb-loest-grosseinsatz-der-rettungskraefte-aus-page3.ff37614d-8c5d-4f99-8b27-8e2cee5bf8db.html,,
https://www.schwarzwaelder-bote.de/inhalt.blaulicht-vom-11-juli-jeder-zehnte-autofahrer-filmt-brennenden-lkw-page1.9d9dd13e-de2c-4274-9a19-92202d76b799.html,,
https://www.schwarzwaelder-bote.de/inhalt.fluechtlinge-sollen-stadt-pflegen-mit-besen-und-pinsel-ran-an-die-staeffele-page1.1e5aabcf-0e4a-44af-b044-531cf862984f.html,,
https://www.fool.de/bestellen/sadelanding332017/,,
https://www.fool.de/wie-man-investiert/boersenlexikon/bottom-up-investieren/,,
https://www.fool.de/wie-man-investiert/boersenlexikon/ein-aktienruckkauf/,,
https://www.fool.de/wie-man-investiert/boersenlexikon/zyklische-aktien/,,
https://www.fool.de/2014/07/30/warum-man-in-aktien-investieren-sollte/,,
https://www.fool.de/2014/09/05/wie-adidas-im-jahr-2018-mehr-sneakers-verkaufen-koennte-als-nike/,,
https://www.fool.de/2014/09/29/4-dinge-die-fools-ueber-dividenden-wissen-sollten/,,
https://www.fool.de/2015/02/03/17-astounding-facts-about-the-bundesliga-and-its-role-in-the-german-economy/,,
http://www.mobhome.de/vehicles/fletcher.htm,,
http://www.mobhome.de/vehicles/gerindex.htm,,
http://www.mobhome.de/vehicles/hanomag_jap.htm,,
http://www.mobhome.de/vehicles/kettenkrad.htm,,
https://www.boell.de/de/zeitdiagnose,,
https://www.boell.de/de/internationalepolitik/naher-mittlerer-osten-israel-gaza-politik-muss-bomben-ersetzen-16062.html,,
https://www.boell.de/de/navigation/feminismus-geschlechterdemokratie-3564.html,,
https://www.boell.de/en/navigation/asia-how-long-means-never-international-womens-day-kabul-president-karzai-commits-womens-rights-12089.html,,
https://www.boell.de/taxonomy/term/38455,,
https://www.boell.de/en/2014/12/17/importance-religion-different-societal-levels-contemporary-hungary,,
https://www.boell.de/en/2015/05/29/hungarys-hypocritical-migration-policy,,
https://mobil.ksta.de/die-bilanz-in-weidenpesch-ist-positiv-14455384,,
https://mobil.ksta.de/feuerwand-kommt-sydney-bedrohlich-nah-14456402,,
https://mobil.ksta.de/starter-kits-auch-anbrechen-14455312,,
https://mobil.ksta.de/-stechen--statt-spritzen-14321362,,
http://justicenow.de/ueber-justice-now/,,
http://justicenow.de/2015-02-09/das-ausschlachten-einer-tragoedie/,,
http://justicenow.de/2016-01-23/saudi-arabien-vs-iran_vorherrschaft-in-middle-east/,,
http://justicenow.de/2016-05-05/one-last-chance-peace-yemen/,,
http://justicenow.de/2017-01-19/false-hope-broken-promises-obamas-belligerent-legacy/,,
http://www.bpb.de/politik/hintergrund-aktuell/68670/9-november-1938-08-11-2011,,
https://www.bpb.de/mediathek/271189/eroeffnung-sowie-erste-impulse-und-interviews-zur-streaming-konferenz,,
http://www.bpb.de/apuz/29472/die-rolle-des-internationalen-strafgerichtshofs,,
http://www.bpb.de/dialog/235724/debatte-populismus,,
http://www.bpb.de/mediathek/279809/die-ganze-schule-als-lernort-begreifen,,
https://www.navysite.de/bb/bb60.htm,,
https://www.navysite.de/nframes.htm,,
https://www.navysite.de/ships/lcac.htm,,
https://www.navysite.de/ships/lhd3.htm,,
https://ifsh.de/en/staff/kuehn/publications/cp/2/gp/0/pp/1/np/0,,
https://ifsh.de/en/staff/kuehn/publications/cp/2/gp/5/pp/0/np/0,,
https://ifsh.de/publikationen/osze-jahrbuch/jahrbuch-1995,,
https://ifsh.de/publikationen/osze-jahrbuch/jahrbuch-2009,,
https://ifsh.de/en/news-detail,,
https://ifsh.de/news-detail,,
https://ifsh.de/news-detail/ruestungskontrolle-und-neue-technologien-interview-mit-dr-ulrich-kuehn,,
https://ifsh.de/news-detail/spannungen-mit-dem-iran-interview-mit-dem-rbb,,
https://www.fnp.de/thema/1-weltkrieg-ere119248/,,
https://www.fnp.de/thema/adolf-hitler-per29794/,,
https://www.fnp.de/thema/airbnb-org26169/,,
https://www.fnp.de/thema/fc-union-berlin-gegen-sv-werder-1920-ere1251360/,,
https://www.fnp.de/boulevard/alicia-keys-zum-zweiten-mal-schwanger-zr-3745104.html,,
https://www.fnp.de/boulevard/winehouse-klone-gaultier-paris-zr-1576907.html,,
https://www.fnp.de/kino-tv/keanu-reeves-geht-john-wick-rachefeldzug-10723840.html,,
https://www.fnp.de/kino-tv/missverstanden-scheidungskrieg-selbstsuche-10752501.html,,
https://www.auswaertiges-amt.de/de/aamt/auslandsvertretungen-node/staendige-vertretungen/217694,,
https://www.auswaertiges-amt.de/de/aamt/auswdienst/gleichstellungspolitik/214934,,
https://www.auswaertiges-amt.de/de/ReiseUndSicherheit/deutsche-auslandsvertretungen/afghanistandeutschevertretungen/204678,,
https://www.auswaertiges-amt.de/de/service/fragenkatalog-node/weitereinformationeneinreise/199560,,
https://zuerst.de/category/international/,,
https://zuerst.de/category/kommentare/,,
https://zuerst.de/category/wirtschaft/page/2/,,
https://zuerst.de/2013/05/20/frankreich-rechtspartei-chefin-marine-le-pen-bei-unfall-schwer-verletzt/,,
https://zuerst.de/2013/06/05/gender-mainstreaming-wahn-an-der-uni-leipzig-heist-es-ab-sofort-herr-professorin/,,
https://zuerst.de/2013/06/27/todesstrafe-und-ausnahmerecht-staatsrechtler-schachtschneider-geht-mit-eu-vertrag-von-lissabon-hart-ins-gericht/,,
https://www.nationalflaggen.de/flaggen-shop/Fussball-WM-2018/Serbien-mit-Wappen-Republik-Flagge-90x150-cm.html,,
https://www.nationalflaggen.de/flaggen-shop/Fussball-WM-2018/Suedkorea-Flagge-90x150-cm.html,,
https://www.nationalflaggen.de/flaggen-shop/Fussball-WM-2018/Tunesien-Flagge-90x150-cm.html,,
http://www.nationalflaggen.de/historische/flaggengrafik-680.html,,
https://www.bnr.de/aktiv/terminkalender/2020-02-05,,
https://www.bnr.de/category/stichworte/eine-nacht-im-november-1938,,
https://www.bnr.de/category/stichworte/jewish-central-information-office,,
https://www.bnr.de/category/stichworte/sepp-herberger,,
https://www.bnr.de/print/9389,,
https://www.bnr.de/aktiv/terminkalender/2017-01-02,,
https://www.bnr.de/aktiv/terminkalender/2017-01-16,,
https://www.bnr.de/aktiv/terminkalender/2017-01-17,,
https://www.bnr.de/aktiv/terminkalender/2017-01-24,,
http://www.gwi-boell.de/de/gleichstellung-europa,,
http://www.gwi-boell.de/de/institut,,
https://www.gwi-boell.de/de/2018/11/16/claudia-roth-plaedoyer-fuer-eine-feministische-aussenpolitik,,
https://www.gwi-boell.de/de/2019/04/29/agenda-europe-ein-extremistisches-christliches-netzwerk-im-herzen-europas,,
http://www.gwi-boell.de/de/2017/05/24/haters-gonna-hate-aber-wer-hasst-eigentlich-wen,,
https://www.galtung-institut.de/de/author/hayford/page/4/,,
https://www.galtung-institut.de/de/network/members/dioubate/docs/,,
https://www.galtung-institut.de/de/network/members/djones/forums/,,
https://www.galtung-institut.de/en/network/members/sabona/forums/,,
http://www.nittaya.de/computer-board-12/mein-32-philips-lcd-quittierte-seinen-dienst-mit-einem-vernehmlichen-paff-37358/index2.html,,
http://www.nittaya.de/event-board-27/wat-thai-munich-bericht-vom-makha-bucha-fest-im-februar-im-bay-tv-35462/,,
http://www.nittaya.de/norden-58/wat-thaton-39654-prev/,,
http://www.nittaya.de/thailand-news-17/neues-drogenurteil-diesmal-bali-13910/index3.html,,
https://media.ccc.de/v/ds19-10441-sdr_was_ist_eigentlich_sonst_noch_im_ather,,
https://media.ccc.de/v/fossgis2019-411-qgis-das-gis-mit-unbegrenzten-darstellungsmglichkeiten,,
https://media.ccc.de/v/fossgis2019-631-code-de-suche-darstellung-und-download-von-copernicus-daten-ber-freie-schnittstellen,,
https://media.ccc.de/v/vcfb19_-_105_-_de_-_201910121030_-_von_brunsviga_zu_curta_-_prof_dr_ing_christian_hamann,,
https://m.bild.de/sport/fussball/fussball/konkurrenz-fuer-hannover-96-auch-hannes-wolf-will-elvis-rexhbecaj-66718182.bildMobile.html,,
https://m.bild.de/video/clip/1-bundesliga/bundesliga-vorschau-sechster-spieltag-64993200.bildMobile.html,,
https://m.bild.de/video/clip/2-bundesliga/nuernberg-heidenheim-64331066.bildMobile.html,,
https://m.bild.de/video/clip/viral-daneben/viral-daneben-saint-etienne-torwart-sohn-bricht-in-traenen-aus-65259868.bildMobile.html,,
http://medien-mittweida.de/die100-tage-pis/2016/,,
http://medien-mittweida.de/eine-reise-in-die-vergangenheit/2017/,,
http://medien-mittweida.de/radio-steady-go/2015/,,
http://medien-mittweida.de/synchron-schauspieler-till-hagen-medienforum-mittweida-2016/2017/,,
https://www.berliner-zeitung.de/politik-gesellschaft/amerikanische-schicksalswochen-li.1556,,
https://www.berliner-zeitung.de/politik-gesellschaft/impeachment-ermittlungen-justizausschuss-laedt-trump-ein-li.2140,,
https://www.berliner-zeitung.de/politik-gesellschaft/us-repraesentantenhaus-eroeffnet-impeachment-verfahren-gegen-trump-li.3512,,
https://www.berliner-zeitung.de/sport-leidenschaft/eisbaeren-berlin-schlagen-del-spitzenreiter-red-bull-muenchen-eishockey-li.4275,,
https://www.baunetz.de/herstellernews/Energieeffizienz_in_Rekordgeschwindigkeit_1667125.html,,
https://www.baunetz.de/herstellernews/Guss_mit_Auszeichnung_Firma_Richard_Brink_praesentiert_neue_Gussroste_Prisma_und_Zippa_3300945.html,,
https://www.baunetz.de/herstellernews/illbruck_TP652_illmod_trioplex__1570837.html,,
https://www.baunetz.de/recht/Honorar-Umfang_gem._Honorarvereinbarung_2009-Ausnahmefall_gem._4_III_HOAI_921755.html,,
https://www.baunetz.de/meldungen/Meldungen-Architekten_stellten_Entwurf_fuer_ehemaliges_Brauereigelaende_in_Hannover_vor_3459.html,,
https://www.baunetz.de/meldungen/Meldungen_Die_Landesverbaende_des_Deutschen_Werkbundes_ueben_Kritik_an_der_Restauration_zweier_Tessenow-Pavillons_in_Hellerau_2037.html,,
https://www.baunetz.de/meldungen/Meldungen_Meisterhaeuser_Muche_Schlemmer_in_Dessau_saniert_10723.html,,
https://www.baunetz.de/meldungen/Meldungen_Wettbewerb_Temporaere_Gaerten_2003_ausgelobt_12737.html,,
https://www.finanzen100.de/video/marktueberblick-dow-jones-spotify-amazon-intel-tesla_H2079365049_15528/,,
https://www.finanzen100.de/aktien/cartier-iron-wkn-a1kb3f_H846801075_59283998/,,
https://www.finanzen100.de/aktien/china-steel-gdrs-wkn-884144_H1436582463_88263/,,
https://www.finanzen100.de/aktien/corestate-capital-holding-s-a-wkn-a141j3_H1440516101_98450004/handeln.html,,
https://www.finanzen100.de/aktien/world-wrestling-entertain-inc-reg-shares-class-a-wkn-928669_H1426785391_95499/,,
https://www.finanzen100.de/special/brasilianische-aktien_H1498888661_48/,,
https://www.finanzen100.de/special/dividenden-aktien_H1337827046_60/,,
https://www.finanzen100.de/special/pharmaaktien_H1668675304_73/,,
https://www.finanzen100.de/special/tech-aktien_H1131411617_70/,,
https://heimatkunde.boell.de/bildung,,
https://heimatkunde.boell.de/de/verwaltung,,
https://heimatkunde.boell.de/medien,,
https://heimatkunde.boell.de/religion,,
https://heimatkunde.boell.de/de/2005/11/18/die-internationale-gesellschaft-fuer-diversity-management,,
https://heimatkunde.boell.de/de/2005/11/18/diversity-mode-oder-muss,,
https://heimatkunde.boell.de/de/2008/06/18/kleiner-schwarzer-stein-leseprobe-von-zeynel-abidin-kizilyaprak,,
https://heimatkunde.boell.de/de/2008/08/18/der-kabaraya-leseprobe-von-bashana-abeywardane,,
http://www.herdlein.de/albums/fashion/,,
http://www.herdlein.de/pages/impressum-1/,,
http://www.herdlein.de/essays/2015/01/impressum/,,
https://www.bgr.bund.de/DE/Home/homepage_node.html,,
https://www.bgr.bund.de/DE/Home/topservice_hidden_node.html,,
https://mpra.ub.uni-muenchen.de/12938/,,
https://mpra.ub.uni-muenchen.de/17113/,,
https://mpra.ub.uni-muenchen.de/29855/,,
https://mpra.ub.uni-muenchen.de/52408/,,
https://blog.journalist-werden.de/tag/familienkompass/,,
https://blog.journalist-werden.de/tag/sachsische-zeitung/,,
https://blog.journalist-werden.de/2013/02/04/von-einem-abenteuer-zum-nachsten/,,
https://blog.journalist-werden.de/2014/08/05/spezialistin-fur-mode-show-promis-und-ortliche-prominenz/,,
https://blog.journalist-werden.de/2014/10/02/alles-nur-eine-frage-der-zeitung/,,
https://www.ruhrnachrichten.de/castrop-rauxel/disco-hurghada-der-regisseur-im-video-interview-200422.html,,
https://www.ruhrnachrichten.de/castrop-rauxel/der-netto-in-dorf-rauxel-ist-mit-verspaetung-eroeffnet-186424.html,,
https://www.ruhrnachrichten.de/castrop-rauxel/mann-frisierte-fuer-hochzeit-seine-lohnabrechnungen-plus-1454519.html,,
https://www.ruhrnachrichten.de/nachrichten/selbsthilfe-tt13642.html,,
https://www.ruhrnachrichten.de/nachrichten/-spd-uefa-tt11359.html,,
https://www.ruhrnachrichten.de/bvb/kefkir-ab-sofort-zurueck-im-borussen-trikot-190215.html,,
https://www.ruhrnachrichten.de/castrop-rauxel/disco-hurghada-der-regisseur-im-video-interview-200422.html,,
https://www.ruhrnachrichten.de/dorsten/johannesschule-turnhalle-wird-montag-abgerissen-191215.html,,
https://www.ruhrnachrichten.de/dortmund/tu-dortmund-hat-so-viele-studenten-wie-noch-nie-190829.html,,
